bias,std_dev,rmse,mean_se,coverage,n_trials,estimator,n,p,ate,corr_type,rho,hetero_type,hetero_strength,assignment,n_strata,treat_prob,noise_sd,sparse,mean_weight_bias,mean_weight_abs_err,mean_utility_loss,mean_oos_sharpe
0.015361858481445223,0.28954041882662257,0.2884983609814049,0.32958675887257427,0.99,100,diff_in_means,200,5,1.0,independent,0.5,linear,0.5,stratified,4,0.5,1.0,True,0.0030967260292286674,0.042431667268220764,0.0068873118357919184,0.09389012439557849
0.009678755438508713,0.14575205907802433,0.14534408968054915,0.14640997072766132,0.93,100,ols_adjusted,200,5,1.0,independent,0.5,linear,0.5,stratified,4,0.5,1.0,True,0.0013218330611346096,0.023363023031205424,0.0021033964026970844,0.0924576859150944
-0.010515089086400198,0.14313279315238275,0.14280298879694953,0.14278719908137458,0.95,100,lasso_adjusted,200,5,1.0,independent,0.5,linear,0.5,stratified,4,0.5,1.0,True,-0.0027615792675463884,0.023138068355427855,0.002036095107379406,0.09064093562602117
0.05933274284429091,0.3312324495811345,0.33487036398043707,0.4335747645996276,0.99,100,cross_fitting_dml,200,5,1.0,independent,0.5,linear,0.5,stratified,4,0.5,1.0,True,0.0097429782099069,0.04310898793203274,0.008651261820711796,0.09608594614722389
-0.014888043282042518,0.2437449082511233,0.24297966649111402,0.3322316685322071,0.99,100,diff_in_means,200,5,1.0,exchangeable,0.5,linear,0.5,stratified,4,0.5,1.0,True,-0.006131660659276778,0.04002367489553091,0.005545754001163878,0.09351524565187072
-0.030622687961194384,0.14246678387079886,0.1450226385065198,0.1464602767075785,0.94,100,ols_adjusted,200,5,1.0,exchangeable,0.5,linear,0.5,stratified,4,0.5,1.0,True,-0.009279986972997194,0.027790261713216795,0.0026159819407121656,0.09283095717845312
-0.04897110982276853,0.14199330182242587,0.14952807890855765,0.14275310536658325,0.95,100,lasso_adjusted,200,5,1.0,exchangeable,0.5,linear,0.5,stratified,4,0.5,1.0,True,-0.013123383805498847,0.028416715573946524,0.002777670488693778,0.09099668773369789
-0.045271915761987636,0.4133143844507588,0.41372701017305,0.43475525948902755,0.98,100,cross_fitting_dml,200,5,1.0,exchangeable,0.5,linear,0.5,stratified,4,0.5,1.0,True,-0.008196253092159883,0.06382136887501845,0.01358233482058429,0.09080804442624928
0.052623361666328305,0.3380224300486245,0.3404200196476151,0.32655729027366015,0.95,100,diff_in_means,200,20,1.0,independent,0.5,linear,0.5,stratified,4,0.5,1.0,True,0.007357645256134827,0.04657743491785789,0.009064929764217172,0.10057998124455794
-0.0034810200916597367,0.13796550814573091,0.13731807646631666,0.151803178001915,0.97,100,ols_adjusted,200,20,1.0,independent,0.5,linear,0.5,stratified,4,0.5,1.0,True,-0.0006499302585128945,0.02236381484647205,0.0019230085317529478,0.097305551691688
-0.05588287389071456,0.1326223326237819,0.14330279785737896,0.14075464960872028,0.97,100,lasso_adjusted,200,20,1.0,independent,0.5,linear,0.5,stratified,4,0.5,1.0,True,-0.01116204495472581,0.023926182071549108,0.002014775811993769,0.09272739135009614
0.04797041586992146,0.4511026036307524,0.4513975899483208,0.4198225394089683,0.94,100,cross_fitting_dml,200,20,1.0,independent,0.5,linear,0.5,stratified,4,0.5,1.0,True,0.0053993327675288414,0.06094706322360874,0.014859125067230831,0.09931038964660786
-0.01964168329689997,0.26489868247633785,0.26430171127077173,0.33678364000056993,0.98,100,diff_in_means,200,20,1.0,exchangeable,0.5,linear,0.5,stratified,4,0.5,1.0,True,-0.004495038424226043,0.04267377726455213,0.006714772271182457,0.11126137868524326
0.010754790536608105,0.148447528702037,0.14809445502601032,0.15421095190318965,0.93,100,ols_adjusted,200,20,1.0,exchangeable,0.5,linear,0.5,stratified,4,0.5,1.0,True,0.0017417432696125868,0.029314185994289588,0.0030468162605711497,0.11499692154073869
-0.04585863288999836,0.14285711184326225,0.149355572613465,0.14347878467124203,0.95,100,lasso_adjusted,200,20,1.0,exchangeable,0.5,linear,0.5,stratified,4,0.5,1.0,True,-0.010373602547642764,0.030091654286963972,0.0032171362338471615,0.10900927677244315
0.007412081389126746,0.43470913959305996,0.4325936368415515,0.4347091776893909,0.95,100,cross_fitting_dml,200,20,1.0,exchangeable,0.5,linear,0.5,stratified,4,0.5,1.0,True,-0.0017399334114821976,0.060939420344137483,0.013781822841866765,0.11284890306089382
-0.02299803331622252,0.29921482715853814,0.2986019544477444,0.3388860359332503,0.97,100,diff_in_means,200,100,1.0,independent,0.5,linear,0.5,stratified,4,0.5,1.0,True,-0.007808119912370523,0.04454983846651855,0.007948717760801496,0.08188221163030301
-0.03074493629212849,0.1898765252391268,0.19141007025787063,0.20773333296648558,0.98,100,ols_adjusted,200,100,1.0,independent,0.5,linear,0.5,stratified,4,0.5,1.0,True,-0.007254656026713375,0.03360726952582589,0.004068061644279952,0.08246319654084487
-0.0905847637191971,0.1407318721183317,0.16677231379846577,0.1415245858075625,0.92,100,lasso_adjusted,200,100,1.0,independent,0.5,linear,0.5,stratified,4,0.5,1.0,True,-0.019410549722411966,0.029513041846071328,0.003048342044109474,0.07761665016159201
0.006411094829222641,0.3933573470582103,0.39143812358626473,0.4226282653719499,0.97,100,cross_fitting_dml,200,100,1.0,independent,0.5,linear,0.5,stratified,4,0.5,1.0,True,-0.0016477771616610695,0.057885584881815666,0.012560100169903195,0.08425164185917527
0.034825452814060576,0.30768394396786786,0.3081160941034567,0.32391597312151066,0.96,100,diff_in_means,200,100,1.0,exchangeable,0.5,linear,0.5,stratified,4,0.5,1.0,True,0.004164415284962875,0.04440623527363814,0.008165671042277799,0.11610445151636978
0.0015760959526216478,0.20131936444430948,0.2003164389502518,0.20550255057498137,0.95,100,ols_adjusted,200,100,1.0,exchangeable,0.5,linear,0.5,stratified,4,0.5,1.0,True,-0.0003891815560931849,0.03509435217745613,0.0043660293769060225,0.11276152165941047
-0.08225058581003752,0.15164062880748738,0.17184321449557804,0.13996168309331045,0.87,100,lasso_adjusted,200,100,1.0,exchangeable,0.5,linear,0.5,stratified,4,0.5,1.0,True,-0.01728047011315039,0.029780771473587406,0.0031523201324610856,0.10367084470257432
0.06045125755700265,0.3843995178054345,0.3872204978257003,0.4076535886306093,0.94,100,cross_fitting_dml,200,100,1.0,exchangeable,0.5,linear,0.5,stratified,4,0.5,1.0,True,0.004243456829556043,0.05294938101745985,0.011528134775378554,0.11559680029118664
0.008015014506386642,0.19200627942007706,0.19121189210117367,0.21374500785442116,1.0,100,diff_in_means,500,5,1.0,independent,0.5,linear,0.5,stratified,4,0.5,1.0,True,-0.00021170194263645388,0.02699900483571914,0.002900945826037838,0.08449154441413853
0.000823490594014098,0.07789757788424599,0.07751148592685009,0.09279281392429194,0.98,100,ols_adjusted,500,5,1.0,independent,0.5,linear,0.5,stratified,4,0.5,1.0,True,-2.4849814662164654e-05,0.012591790709773398,0.000617961039906433,0.0845580931191934
-0.00710157228930397,0.077212121401047,0.07715262084542383,0.09187202455279037,0.98,100,lasso_adjusted,500,5,1.0,independent,0.5,linear,0.5,stratified,4,0.5,1.0,True,-0.0015572378077824442,0.012228040887217184,0.0006097398536724862,0.0838945959744313
0.024106663859245536,0.2773002298954101,0.276961359340016,0.28419212536402305,0.98,100,cross_fitting_dml,500,5,1.0,independent,0.5,linear,0.5,stratified,4,0.5,1.0,True,0.0003526229809386697,0.03626767175386284,0.005344689937283023,0.08446760469099787
0.024263757577487777,0.17699299484030837,0.17776947137260413,0.21219382865266914,0.97,100,diff_in_means,500,5,1.0,exchangeable,0.5,linear,0.5,stratified,4,0.5,1.0,True,0.0036864080367911716,0.02737105766015732,0.0027916567800293102,0.09578991592662839
0.01170438737041013,0.08980476975431445,0.09011792489641443,0.09290984276981948,0.97,100,ols_adjusted,500,5,1.0,exchangeable,0.5,linear,0.5,stratified,4,0.5,1.0,True,0.0018053092355616578,0.016832526984228772,0.0009437810836618559,0.09476573881163652
0.0022112086694250355,0.08886869131162814,0.08845087504522935,0.09193289664775095,0.96,100,lasso_adjusted,500,5,1.0,exchangeable,0.5,linear,0.5,stratified,4,0.5,1.0,True,-0.0002078140640388941,0.016596012293026458,0.0009180360775619832,0.09383090695886942
0.054815965583671744,0.25232217057981815,0.2569719888846254,0.28198990617103215,0.97,100,cross_fitting_dml,500,5,1.0,exchangeable,0.5,linear,0.5,stratified,4,0.5,1.0,True,0.008562312645386372,0.03891069618251289,0.0055626223073172165,0.0980067392155116
-0.025730534942826844,0.18406838212940138,0.18494436470242073,0.2160157090955529,0.97,100,diff_in_means,500,20,1.0,independent,0.5,linear,0.5,stratified,4,0.5,1.0,True,-0.004264019312650321,0.023818035711906504,0.0026333669611899924,0.07253078184893408
-0.011015878042136551,0.08190714331947048,0.08223771576672069,0.0940386570362774,0.96,100,ols_adjusted,500,20,1.0,independent,0.5,linear,0.5,stratified,4,0.5,1.0,True,-0.002008661735785007,0.011548294538344064,0.0006046814844647218,0.07320004500575465
-0.03049470261260634,0.07971397856143653,0.08497471436694298,0.09137698761637646,0.96,100,lasso_adjusted,500,20,1.0,independent,0.5,linear,0.5,stratified,4,0.5,1.0,True,-0.005688733880279113,0.012073004977362618,0.0006417525152637199,0.0716356363804373
-0.04360947516645186,0.23752968399252394,0.24032880308882204,0.2824391976709939,0.99,100,cross_fitting_dml,500,20,1.0,independent,0.5,linear,0.5,stratified,4,0.5,1.0,True,-0.006731862954370533,0.031589176719426154,0.0042744910372468775,0.07078288378920405
0.02526224986663994,0.18164262718887983,0.18248913622537138,0.2102499452308332,0.98,100,diff_in_means,500,20,1.0,exchangeable,0.5,linear,0.5,stratified,4,0.5,1.0,True,0.004786619484890693,0.028023736252377515,0.0029208196098592437,0.10748730329370146
0.004752707802238021,0.0954498699510305,0.09509026831587658,0.09418845691164517,0.97,100,ols_adjusted,500,20,1.0,exchangeable,0.5,linear,0.5,stratified,4,0.5,1.0,True,0.0012174352984201115,0.017533516170978657,0.001103570162885167,0.10565666475834344
-0.014359672757672692,0.09150140250892523,0.0921682255237497,0.09133604825748341,0.97,100,lasso_adjusted,500,20,1.0,exchangeable,0.5,linear,0.5,stratified,4,0.5,1.0,True,-0.0029621547499296074,0.017369837622534863,0.001039532111788877,0.10386775664348546
0.01854784934807463,0.2621133407758984,0.26145820334044606,0.2738425241838323,0.98,100,cross_fitting_dml,500,20,1.0,exchangeable,0.5,linear,0.5,stratified,4,0.5,1.0,True,0.004418583199126912,0.0356203778910226,0.004741713246094415,0.10735346214222491
0.009372306306734357,0.184559498009977,0.18387339760863997,0.22053245481886422,0.99,100,diff_in_means,500,100,1.0,independent,0.5,linear,0.5,stratified,4,0.5,1.0,True,-0.0004568742287828824,0.024042242450736478,0.0026531746123132642,0.07556729043069167
-0.01741694412780659,0.10562259109603526,0.10652661815289642,0.1025580907263833,0.9,100,ols_adjusted,500,100,1.0,independent,0.5,linear,0.5,stratified,4,0.5,1.0,True,-0.0026375480163084376,0.01605495361897022,0.0010786772341557457,0.07500255750272747
-0.04867672618065,0.08980360371479935,0.10175197314759574,0.09076873197142628,0.89,100,lasso_adjusted,500,100,1.0,independent,0.5,linear,0.5,stratified,4,0.5,1.0,True,-0.008813106430746483,0.01417050793974169,0.0009506527620564762,0.07224148792593353
0.023009330817320928,0.2740870684335226,0.27368213894282284,0.28520685517077815,0.97,100,cross_fitting_dml,500,100,1.0,independent,0.5,linear,0.5,stratified,4,0.5,1.0,True,-9.39181572178284e-05,0.03433773787023439,0.0051977928423157516,0.0754500536278432
0.0130674697628681,0.18273917992153005,0.182292157169783,0.20142166918402593,0.98,100,diff_in_means,500,100,1.0,exchangeable,0.5,linear,0.5,stratified,4,0.5,1.0,True,0.0014699727854278837,0.028482517412702822,0.002881550913360763,0.11977508735066614
0.01611747094636673,0.09518856016706599,0.09607302554057164,0.10326667843783105,0.98,100,ols_adjusted,500,100,1.0,exchangeable,0.5,linear,0.5,stratified,4,0.5,1.0,True,0.0030254912019362402,0.018399282191075932,0.0010378454869771666,0.12069145262440559
-0.018036550304368237,0.0876924745649683,0.08909762926843978,0.09137643005316942,0.94,100,lasso_adjusted,500,100,1.0,exchangeable,0.5,linear,0.5,stratified,4,0.5,1.0,True,-0.004805199034030253,0.017218235241286708,0.0009344166783874771,0.11677324000661349
0.005199490859438827,0.2865495224734783,0.2851605815092227,0.2590087605688034,0.98,100,cross_fitting_dml,500,100,1.0,exchangeable,0.5,linear,0.5,stratified,4,0.5,1.0,True,0.0014242005347804092,0.04123020434551628,0.006092692403436942,0.11961630718605615
